tipo_estudio,id,codigo,nombre_estudio,precio_usd,estado,area,pruebas_incluidas
PRUEBA,1749,COVID, SARS COV 2 RT PCR,20.00,INACTIVA,Inmunología,""
GRUPO,366,366,% SATURACION DE TRANSFERRINA,35.00,ACTIVA,Química,5 pruebas
PRUEBA,1042,1042,17 HIDROXIPROGESTERONA,25.00,ACTIVA,Hormonas,""
PRUEBA,907,907,25 (OH)VITAMINA D (TOTAL),25.00,ACTIVA,Hormonas,""
PRUEBA,280,280,ACTH,20.00,ACTIVA,Hormonas,""
PRUEBA,967,967,ADENOVIRUS ENTERICO TIPO 40/41,15.00,ACTIVA,Coproanálisis,""
PRUEBA,657,657,ALFA 1 ANTITRIPSINA (AAT),20.00,INACTIVA,Química,""
PRUEBA,1844,1844,ALFA 1 ANTITRIPSINA EN HECES,20.00,ACTIVA,Coproanálisis,""
PRUEBA,921,921,ALFA FETO PROTEINAS EN LIQ. ANMIOTI,22.00,ACTIVA,Hormonas,""
PRUEBA,1034,1034,ALTERNARIA ALTERNATA,15.00,ACTIVA,Pruebas Especiales,""
GRUPO,252,252,AMILASA EN ORINA DE 24 HORAS ,12.00,ACTIVA,Sin Área,0 pruebas
PRUEBA,1741,1741,AMONIO NH3-PII,25.00,ACTIVA,Química,""
GRUPO,660,660,ANCA PROFILE ELISA IgG,23.00,ACTIVA,Inmunología,6 pruebas
GRUPO,588,588,ANDROGENOS LIBRES,40.00,ACTIVA,Sin Área,3 pruebas
PRUEBA,1207,1207,ANTI - RNP,20.00,INACTIVA,Inmunología,""
PRUEBA,1170,1170,ANTI - SS-A,20.00,ACTIVA,Inmunología,""
PRUEBA,1168,1168,ANTI - SS-B,20.00,ACTIVA,Inmunología,""
PRUEBA,1167,1167,ANTI - Scl70,20.00,ACTIVA,Inmunología,""
PRUEBA,1173,1173,ANTI - Sm,20.00,ACTIVA,Inmunología,""
PRUEBA,914,914,ANTI Jo-1,20.00,ACTIVA,Inmunología,""
PRUEBA,915,915,ANTI LKM1,20.00,ACTIVA,Inmunología,""
PRUEBA,1404,1404,ANTIC ASCA IgA,30.00,ACTIVA,Inmunología,""
PRUEBA,1405,1405,ANTIC ASCA IgG,30.00,ACTIVA,Inmunología,""
GRUPO,362,362,ANTICOAGULANTE LUPICO,20.00,INACTIVA,Coagulación,0 pruebas
PRUEBA,844,844,ANTICOAGULANTE LUPICO,16.00,INACTIVA,Coagulación,""
GRUPO,634,634,ANTICOAGULANTE LUPICO..,20.00,ACTIVA,Coagulación,0 pruebas
GRUPO,367,367,ANTICUERPOS ANCA MPO PR3,30.00,ACTIVA,Inmunología,2 pruebas
PRUEBA,913,913,ANTICUERPOS ANTI CENTROMEROS,30.00,ACTIVA,Inmunología,""
GRUPO,646,646,ANTICUERPOS ANTI DNA (DOBLE CADENA),30.00,ACTIVA,Inmunología,4 pruebas
PRUEBA,912,912,ANTICUERPOS ANTI DNP,20.00,INACTIVA,Inmunología,""
PRUEBA,910,910,ANTICUERPOS ANTI ENDOMISIALES,20.00,ACTIVA,Inmunología,""
PRUEBA,1031,1031,ANTICUERPOS ANTI ESPERMA,20.00,INACTIVA,Inmunología,""
PRUEBA,961,961,ANTICUERPOS ANTI HISTONA C,20.00,INACTIVA,Inmunología,""
PRUEBA,957,957,ANTICUERPOS ANTI INSULINA,20.00,ACTIVA,Inmunología,""
PRUEBA,1020,1020,ANTICUERPOS ANTI ISLOTE ( ICA),20.00,ACTIVA,Inmunología,""
PRUEBA,1041,1041,ANTICUERPOS ANTI M2 (HEPATICO),20.00,INACTIVA,Inmunología,""
PRUEBA,1030,1030,ANTICUERPOS ANTI MEMBRANA BASAL GLOMERULAR,20.00,ACTIVA,Inmunología,""
PRUEBA,958,958,ANTICUERPOS ANTI OVARIO,20.00,ACTIVA,Inmunología,""
PRUEBA,911,911,ANTICUERPOS ANTI RETICULINA,20.00,ACTIVA,Inmunología,""
GRUPO,441,441,ANTICUERPOS ANTITIROIDEOS,35.00,ACTIVA,Hormonas,2 pruebas
GRUPO,594,594,ANTICUERPOS IgM + IgA E IgG PARA SAR COV 2 CLIA,40.00,ACTIVA,Pruebas Especiales,2 pruebas
PRUEBA,1055,1055,ANTIGENO PARA GIARDIA,12.00,ACTIVA,Inmunología,""
GRUPO,46,46,ANTIGENOS FEBRILES (WIDAL),20.00,ACTIVA,Sin Área,6 pruebas
GRUPO,661,661,ATOPIA INSECTOS VENENOSOS PLUS,50.00,ACTIVA,Inmunología,9 pruebas
PRUEBA,1051,1051,AZUCARES NO REDUCTORES,8.00,ACTIVA,Coproanálisis,""
PRUEBA,34,34,Acido Urico,6.00,ACTIVA,Química,""
GRUPO,44,44,Acido Urico en Orina 24h,12.00,ACTIVA,Sin Área,3 pruebas
PRUEBA,281,281,Acido Urico en Orina 24h,6.00,INACTIVA,Química,""
PRUEBA,282,282,Acido Valproico,25.00,ACTIVA,Pruebas Especiales,""
PRUEBA,41,41,Albúmina,6.00,ACTIVA,Química,""
PRUEBA,284,284,Alfafetoproteína (AFP SERICA ),22.00,ACTIVA,Hormonas,""
PRUEBA,54,54,Amilasa,15.00,ACTIVA,Química,""
PRUEBA,174,174,Androstenediona(QUIMIOLUMINISCENCIA),25.00,ACTIVA,Hormonas,""
PRUEBA,1050,1050,Anti-TSH Receptor ELISA (IgG),20.00,INACTIVA,Inmunología,""
PRUEBA,562,562,Anticuerpo Anti Peroxidasa (Anti-TPO)(eC,25.00,ACTIVA,Hormonas,""
PRUEBA,286,286,Anticuerpos Anti DNA ( doble cadena),25.00,INACTIVA,Inmunología,""
PRUEBA,229,229,Anticuerpos Anti Mitocondriales(AMA),20.00,ACTIVA,Inmunología,""
PRUEBA,230,230,Anticuerpos Anti Músculo Liso (AML),20.00,ACTIVA,Inmunología,""
PRUEBA,289,289,Anticuerpos Anti-Tiroglobulínas( ATG )(e,25.00,ACTIVA,Hormonas,""
PRUEBA,222,222,Anticuerpos Anti-cardiolipina IgG (QUIMIOLUMINISCENCIA),30.00,ACTIVA,Inmunología,""
PRUEBA,221,221,Anticuerpos Anti-cardiolipina IgM (QUIMIOLUMINISCENCIA),30.00,ACTIVA,Inmunología,""
PRUEBA,224,224,Anticuerpos Antifosfolípidos IgG(APLIgG),25.00,INACTIVA,Inmunología,""
PRUEBA,290,290,Anticuerpos Antinucleares (ANA),20.00,INACTIVA,Inmunología,""
GRUPO,341,341,Anticuerpos Antinucleares (ANA) ,30.00,INACTIVA,Sin Área,2 pruebas
GRUPO,45,45,Anticuerpos Antitiroideos,35.00,INACTIVA,Sin Área,2 pruebas
PRUEBA,565,565,Anticuerpos Transglutaminasa IgA,30.00,ACTIVA,Inmunología,""
PRUEBA,566,566,Anticuerpos Transglutaminasa IgG,30.00,ACTIVA,Inmunología,""
PRUEBA,626,626,Anticuerpos anti- SC L- 70,20.00,INACTIVA,Pruebas Especiales,""
PRUEBA,291,291,Antígeno Carcinoembrionario (CEA)(eCL),23.00,ACTIVA,Hormonas,""
PRUEBA,184,184,Antígeno Prostático Total (PSA-T),23.00,ACTIVA,Hormonas,""
PRUEBA,204,204,Apolipoproteina A,12.00,ACTIVA,Química,""
PRUEBA,205,205,Apolipoproteina B,12.00,ACTIVA,Química,""
PRUEBA,98,98,Azúcares Reductores,4.00,ACTIVA,Coproanálisis,""
PRUEBA,1084,1084,BETA 2 GLICOPROTEINA 1 IgA (QUIMIOLUMINISCENCIA),25.00,ACTIVA,Inmunología,""
PRUEBA,962,962,BETA 2 GLICOPROTEINA 1 IgG (QUIMIOLUMINISCENCIA),25.00,ACTIVA,Inmunología,""
PRUEBA,1083,1083,BETA 2 GLICOPROTEINA 1 IgM (QUIMIOLUMINISCENCIA),25.00,ACTIVA,Inmunología,""
PRUEBA,919,919,BETA 2 MICROGLOBULINA ORINA,25.00,INACTIVA,Uroanálisis,""
PRUEBA,1696,1696,BETA CUANTITATIVA (ELISA),20.00,INACTIVA,Hormonas,""
PRUEBA,1110,1110,BETA HCG,20.00,ACTIVA,Hormonas,""
PRUEBA,74,74,BETA HCG CUANTITATIVA,20.00,ACTIVA,Hormonas,""
PRUEBA,1232,1232,BK DIRECTO,15.00,ACTIVA,Bacteriología,""
PRUEBA,1232,1232,BK DIRECTO,15.00,ACTIVA,Bacteriología,""
PRUEBA,1080,1080,BORDETELLA PERTUSIS IgM,20.00,ACTIVA,Inmunología,""
PRUEBA,1255,1255,BRUCELLA IgG,20.00,ACTIVA,Inmunología,""
PRUEBA,1256,1256,BRUCELLA IgM,20.00,ACTIVA,Inmunología,""
PRUEBA,440,440,BUN,6.00,ACTIVA,Química,""
PRUEBA,298,298,Beta 2 Microglobulina,25.00,ACTIVA,Hormonas,""
PRUEBA,44,44,Bilirrubina Total,6.00,ACTIVA,Química,""
GRUPO,25,25,Bilirrubina total y fraccionada,10.00,ACTIVA,Química,3 pruebas
PRUEBA,1187,1187,Bun en Orina Parcial,6.00,ACTIVA,Química,""
PRUEBA,1112,1112,CA 15-3,20.00,ACTIVA,Hormonas,""
PRUEBA,1550,1550,CA 72-4,20.00,ACTIVA,Marcadores Tumorales,""
PRUEBA,299,299,CA-125,20.00,ACTIVA,Hormonas,""
PRUEBA,301,301,CA-19.9,20.00,ACTIVA,Hormonas,""
PRUEBA,1842,1842,CADMIO,20.00,ACTIVA,Inmunología,""
PRUEBA,1466,1466,CALPROTECTINA,20.00,ACTIVA,Coproanálisis,""
PRUEBA,1464,1464,CALPROTECTINA EN HECES,20.00,INACTIVA,Coproanálisis,""
PRUEBA,1884,1884,CALPROTECTINA EN HECES (ELISA),30.00,ACTIVA,Coproanálisis,""
PRUEBA,260,260,CHAGAS,13.00,ACTIVA,Serología,""
PRUEBA,1416,1416,CHIKUNGUNYA VIRUS,13.00,ACTIVA,Inmunología,""
PRUEBA,1127,1127,CITOMEGALOVIRUS IGG (QUIMIOLUMINISCENCIA),25.00,ACTIVA,Inmunología,""
PRUEBA,1128,1128,CITOMEGALOVIRUS IGM (QUIMIOLUMINISCENCIA),25.00,ACTIVA,Inmunología,""
PRUEBA,56,56,CK-MB,10.00,ACTIVA,Química,""
PRUEBA,1088,1088,CLAMIDEAE PNEUMONIAE Ig A,20.00,ACTIVA,Inmunología,""
PRUEBA,1075,1075,CLAMIDEAE PNEUMONIAE Ig G,20.00,ACTIVA,Inmunología,""
PRUEBA,1076,1076,CLAMIDEAE PNEUMONIAE Ig M,20.00,ACTIVA,Inmunología,""
PRUEBA,1077,1077,CLAMIDEAE TRACHOMATIS Ig G,20.00,ACTIVA,Inmunología,""
PRUEBA,256,256,CLAMIDEAE TRACHOMATIS Ig M,20.00,ACTIVA,Inmunología,""
PRUEBA,1078,1078,CLAMIDEAE TRACHOMATIS IgA,20.00,ACTIVA,Inmunología,""
GRUPO,617,617,CLOSTRIDIUM DIFFICILE GDH + TOXINA A Y B,20.00,ACTIVA,Coproanálisis,3 pruebas
PRUEBA,1052,1052,CLOSTRIDIUM DIFFICILE TOX: A Y B ,20.00,INACTIVA,Coproanálisis,""
PRUEBA,1857,1857,COBRE,12.00,ACTIVA,Química,""
PRUEBA,1796,1796,COLORACION DE ZIEHL NILSEN,10.00,ACTIVA,Bacteriología,""
GRUPO,83,83,CONTAJE Y FORMULA DE BLANCOS,10.00,ACTIVA,Sin Área,6 pruebas
GRUPO,179,179,COPROCULTIVO,32.00,ACTIVA,Bacteriología,2 pruebas
GRUPO,490,490,COPROCULTIVO NIÑOS,32.00,ACTIVA,Bacteriología,2 pruebas
PRUEBA,849,849,CPK,10.00,ACTIVA,Química,""
PRUEBA,745,745,CRIPTOSPORIDIUM,15.00,ACTIVA,Coproanálisis,""
GRUPO,181,181,CULTIVO BRONQUIAL,27.00,ACTIVA,Bacteriología,2 pruebas
GRUPO,501,501,CULTIVO CONJUNTIVAL,27.00,ACTIVA,Bacteriología,4 pruebas
GRUPO,504,504,CULTIVO DE ABSCESO,27.00,INACTIVA,Bacteriología,3 pruebas
GRUPO,208,208,CULTIVO DE AEROBIOS,27.00,ACTIVA,Bacteriología,3 pruebas
GRUPO,180,180,CULTIVO DE ANAEROBIOS,60.00,ACTIVA,Bacteriología,3 pruebas
GRUPO,183,183,CULTIVO DE BK,38.00,ACTIVA,Bacteriología,3 pruebas
GRUPO,178,178,CULTIVO DE EXUDADO FARINGEO,27.00,ACTIVA,Bacteriología,2 pruebas
GRUPO,503,503,CULTIVO DE SECRECION,27.00,ACTIVA,Bacteriología,3 pruebas
GRUPO,502,502,CULTIVO DE SECRECION NASAL,27.00,ACTIVA,Bacteriología,2 pruebas
GRUPO,508,508,CULTIVO DE SECRECION VAGINAL,27.00,ACTIVA,Bacteriología,3 pruebas
GRUPO,510,510,CULTIVO DE SEMEN,27.00,ACTIVA,Bacteriología,2 pruebas
GRUPO,314,314,CULTIVO FARINGEO,27.00,INACTIVA,Bacteriología,1 pruebas
GRUPO,336,336,CULTIVO LCR,27.00,ACTIVA,Bacteriología,2 pruebas
GRUPO,337,337,CULTIVO NASOFARINGEO,27.00,ACTIVA,Bacteriología,2 pruebas
GRUPO,519,519,CULTIVO OTICO,27.00,INACTIVA,Bacteriología,2 pruebas
GRUPO,184,184,CULTIVO PARA HONGOS,37.00,ACTIVA,Bacteriología,3 pruebas
GRUPO,652,652,CULTIVO PARA HONGOS EN HECES,40.00,ACTIVA,Bacteriología,3 pruebas
GRUPO,521,521,CULTIVO PARA Mycobacterium (BK),40.00,ACTIVA,Bacteriología,3 pruebas
GRUPO,182,182,CULTIVO Y ANTIBIOGRAMA,27.00,ACTIVA,Bacteriología,2 pruebas
GRUPO,339,339,CULTIVO Y ANTIBIOGRAMA AMB,27.00,ACTIVA,Bacteriología,2 pruebas
GRUPO,669,669,CULTIVO Y ANTIBIOGRAMA CON CONCENTRACION MINIMA INHIBITORIA (CMI),40.00,ACTIVA,Bacteriología,0 pruebas
PRUEBA,47,47,Calcio,6.00,ACTIVA,Química,""
PRUEBA,149,149,Calcio en Orina,6.00,ACTIVA,Química,""
GRUPO,47,47,Calcio en Orina 24h,8.00,ACTIVA,Sin Área,3 pruebas
PRUEBA,430,430,Carbamazepina,25.00,ACTIVA,Pruebas Especiales,""
PRUEBA,115,115,Cloro,4.00,ACTIVA,Química,""
PRUEBA,154,154,Cloro en Orina,4.00,ACTIVA,Química,""
GRUPO,49,49,Cloro en Orina 24h,6.00,ACTIVA,Sin Área,3 pruebas
PRUEBA,1995,1995,Cobre en Orina 24 Horas,15.00,ACTIVA,Química,""
PRUEBA,125,125,Cocaína.,8.00,ACTIVA,Uroanálisis,""
PRUEBA,36,36,Colesterol,6.00,ACTIVA,Química,""
PRUEBA,37,37,Colesterol HDL,7.00,ACTIVA,Química,""
PRUEBA,38,38,Colesterol LDL,4.00,ACTIVA,Química,""
GRUPO,30,30,Colesterol total y fraccionado,16.00,ACTIVA,Química,6 pruebas
PRUEBA,310,310,Colinesterasa,8.00,ACTIVA,Química,""
GRUPO,217,217,Coloración de Gram,10.00,ACTIVA,Bacteriología,1 pruebas
PRUEBA,1133,1133,Complemento C3,8.00,ACTIVA,Química,""
PRUEBA,1134,1134,Complemento C4,8.00,ACTIVA,Química,""
PRUEBA,182,182,Cortisol 4 PM,20.00,ACTIVA,Hormonas,""
PRUEBA,181,181,Cortisol 9 AM,20.00,ACTIVA,Hormonas,""
GRUPO,368,368,Cortisol en Orina 24h,20.00,ACTIVA,Sin Área,2 pruebas
PRUEBA,33,33,Creatinina,6.00,ACTIVA,Química,""
PRUEBA,146,146,Creatinina en Orina,6.00,ACTIVA,Química,""
GRUPO,53,53,Creatinina en Orina 24h,9.00,ACTIVA,Sin Área,3 pruebas
GRUPO,369,369,Criptococos Latex,14.00,ACTIVA,Bacteriología,1 pruebas
PRUEBA,314,314,Cuerpos Cetónicos en Sangre,7.00,ACTIVA,Química,""
GRUPO,526,526,Cultivo de Esputo,27.00,ACTIVA,Bacteriología,2 pruebas
PRUEBA,304,304,Células Falciformes,4.00,ACTIVA,Hematología,""
GRUPO,681,681,DENGUE /ZIKA /CHIKUNGUNYA,23.00,ACTIVA,Inmunología,3 pruebas
GRUPO,657,657,DENGUE PLUS,23.00,ACTIVA,Inmunología,3 pruebas
GRUPO,250,250,DEPURACION DE UREA,12.00,ACTIVA,Sin Área,7 pruebas
PRUEBA,1033,1033,DERMATOFAGOIDES FARINAE,20.00,ACTIVA,Pruebas Especiales,""
GRUPO,666,666,DETERMINACION DE ANTICUERPOS ANTINUCLEARES (IFA),40.00,ACTIVA,Inmunología,4 pruebas
GRUPO,703,703,DETERMINACION DE SENSIBILIDAD ALIMENTARIA IgG,115.00,ACTIVA,Inmunología,1 pruebas
PRUEBA,1751,1751,DIMERO-D,12.00,ACTIVA,Química,""
PRUEBA,1124,1124,DIMERO-D2,12.00,ACTIVA,Coagulación,""
PRUEBA,1234,1234,DIRECTO,15.00,INACTIVA,Bacteriología,""
PRUEBA,1048,1048,DOBLE CONTRASTE DE FASE,10.00,ACTIVA,Uroanálisis,""
PRUEBA,170,170,Dehidroepiandrosterona (DHEA),15.00,ACTIVA,Pruebas Especiales,""
PRUEBA,171,171,Dehidroepiandrosterona Sulfato DHEA-S,15.00,ACTIVA,Hormonas,""
PRUEBA,554,554,Dengue Blott GP,15.00,INACTIVA,Serología,""
PRUEBA,130,130,Dengue IgG,15.00,ACTIVA,Serología,""
PRUEBA,131,131,Dengue IgM,15.00,ACTIVA,Serología,""
GRUPO,33,33,Depuración de Creatinina,12.00,ACTIVA,Sin Área,6 pruebas
PRUEBA,121,121,Deshidrogenasa Láctica (LDH),14.00,ACTIVA,Química,""
PRUEBA,317,317,Digoxina,25.00,ACTIVA,Pruebas Especiales,""
GRUPO,437,437,Directo,15.00,ACTIVA,Bacteriología,1 pruebas
PRUEBA,1587,1587,Directo (KOH),15.00,ACTIVA,Bacteriología,""
GRUPO,505,505,Directo (KOH),15.00,ACTIVA,Bacteriología,2 pruebas
PRUEBA,729,729,Drepanocitos,6.00,ACTIVA,Hematología,""
PRUEBA,2093,2093,ELASTASA EN HECES,30.00,ACTIVA,Inmunología,""
GRUPO,357,357,ENA SCREENING,80.00,ACTIVA,Inmunología,6 pruebas
GRUPO,616,616,ENFERMEDAD INFLAMATORIA INTESTINAL,70.00,ACTIVA,Inmunología,4 pruebas
GRUPO,451,451,EOSINOFILOS EN MOCO NASAL,8.00,ACTIVA,Hematología,0 pruebas
PRUEBA,1165,1165,EOSINOFILOS EN ORINA,6.00,ACTIVA,Uroanálisis,""
PRUEBA,830,830,EOSINOFILOS EN SANGRE,6.00,INACTIVA,Hematología,""
GRUPO,338,338,ESPERMOCULTIVO,27.00,INACTIVA,Bacteriología,2 pruebas
GRUPO,291,291,ESPERMOCULTIVO (ESPECIAL),27.00,INACTIVA,Bacteriología,1 pruebas
GRUPO,523,523,ESTUDIO COMPLETO DE LCR,50.00,ACTIVA,Bacteriología,7 pruebas
GRUPO,514,514,ESTUDIO DEL TRACTO RESPIRATORIO COMPLETO,100.00,ACTIVA,Bacteriología,7 pruebas
GRUPO,287,287,ESTUDIO TORCH,150.00,ACTIVA,Sin Área,10 pruebas
GRUPO,18,18,Electrolitos Sangre,30.00,ACTIVA,Pruebas Especiales,3 pruebas
GRUPO,93,93,Electrolitos en Orina,30.00,ACTIVA,Sin Área,3 pruebas
GRUPO,52,52,Electrolitos en Orina 24h,30.00,ACTIVA,Sin Área,0 pruebas
GRUPO,57,57,Eosinófilos moco,8.00,INACTIVA,Sin Área,0 pruebas
GRUPO,67,67,Espermatograma,20.00,ACTIVA,Sin Área,0 pruebas
PRUEBA,168,168,Estradiol (eCL),25.00,ACTIVA,Hormonas,""
GRUPO,354,354,Estudio Citoquimico ,40.00,ACTIVA,Química,1 pruebas
GRUPO,13,13,Exámen de Heces,10.00,ACTIVA,Coproanálisis,0 pruebas
GRUPO,8,8,Exámen de Orina,10.00,ACTIVA,Sin Área,0 pruebas
PRUEBA,1049,1049,FACTOR REUMATOIDEO CUANTIFICADO,10.00,INACTIVA,Química,""
PRUEBA,1460,1460,FOB Transferrina Calprotectina Lactoferr,20.00,INACTIVA,Coproanálisis,""
PRUEBA,881,881,FOLATO,25.00,ACTIVA,Hormonas,""
GRUPO,345,345,FOSFOLIPIDOS IgG e IgM,30.00,ACTIVA,Sin Área,2 pruebas
GRUPO,453,453,FROTIS EN SANGRE PERIFERICA,10.00,ACTIVA,Hematología,1 pruebas
PRUEBA,1132,1132,Factor Reumatoide Cuantificado,10.00,ACTIVA,Química,""
PRUEBA,408,408,Fenobarbital,25.00,ACTIVA,Pruebas Especiales,""
PRUEBA,206,206,Ferritina,18.00,ACTIVA,Química,""
PRUEBA,30,30,Fibrinógeno,12.00,ACTIVA,Coagulación,""
PRUEBA,52,52,Fosfatasa Alcalina (ALP),6.00,ACTIVA,Química,""
PRUEBA,48,48,Fósforo,6.00,ACTIVA,Química,""
PRUEBA,150,150,Fósforo en Orina,6.00,ACTIVA,Química,""
GRUPO,84,84,Fósforo en Orina 24h,6.00,ACTIVA,Sin Área,3 pruebas
GRUPO,507,507,GIEMSA ESPECIAL,10.00,ACTIVA,Bacteriología,2 pruebas
PRUEBA,944,944,GLIADINAS DEAMINADAS IgA,25.00,ACTIVA,Inmunología,""
PRUEBA,945,945,GLIADINAS DEAMINADAS IgG,25.00,ACTIVA,Inmunología,""
PRUEBA,1043,1043,GLOBULINA TRANSPORTADORA DE HORMONA ,20.00,ACTIVA,Hormonas,""
PRUEBA,886,886,GLUCOSA 150',6.00,ACTIVA,Química,""
PRUEBA,1365,1365,GLUCOSA 360 MIN,6.00,ACTIVA,Química,""
PRUEBA,885,885,GLUCOSA A LOS 300',6.00,ACTIVA,Química,""
PRUEBA,1045,1045,GONADOTROPINA HIPOFISIARIA (FSH),25.00,INACTIVA,Hormonas,""
PRUEBA,1053,1053,GRASAS EN HECES (SUDAM III),10.00,ACTIVA,Coproanálisis,""
PRUEBA,1343,1343,GRUPO SANGUINEO,14.00,ACTIVA,GRUPO SANGUINEO,""
PRUEBA,53,53,Gamma Glutamil Transpeptidasa (GGT),14.00,ACTIVA,Química,""
PRUEBA,383,383,Glucosa,6.00,ACTIVA,Química,""
PRUEBA,140,140,Glucosa 120',6.00,ACTIVA,Química,""
PRUEBA,142,142,Glucosa 180',6.00,ACTIVA,Química,""
PRUEBA,143,143,Glucosa 240',6.00,ACTIVA,Química,""
PRUEBA,137,137,Glucosa 30',6.00,ACTIVA,Química,""
PRUEBA,138,138,Glucosa 60',6.00,ACTIVA,Química,""
PRUEBA,139,139,Glucosa 90',6.00,ACTIVA,Química,""
PRUEBA,82,82,Glucosa Orina,6.00,ACTIVA,Uroanálisis,""
PRUEBA,595,595,Glucosa Post Prandial,6.00,ACTIVA,Química,""
PRUEBA,141,141,Glucosuria,6.00,ACTIVA,Química,""
PRUEBA,410,410,Gota Gruesa,8.00,ACTIVA,Hematología,""
PRUEBA,1072,1072,Grupo Sanguineo,14.00,INACTIVA,Hematología,""
PRUEBA,1364,1364,HE 4,20.00,ACTIVA,Hormonas,""
GRUPO,185,185,HEMOCULTIVO,40.00,ACTIVA,Bacteriología,4 pruebas
PRUEBA,255,255,HEPATITIS A IgG,15.00,ACTIVA,Hormonas,""
PRUEBA,254,254,HEPATITIS A IgM,15.00,ACTIVA,Hormonas,""
PRUEBA,529,529,HEPATITIS B ANTI HbsAg,15.00,ACTIVA,Hormonas,""
PRUEBA,1235,1235,HEPATITIS B ANTICUERPOS ANTI Hbe,15.00,ACTIVA,Hormonas,""
PRUEBA,253,253,HEPATITIS B ANTIGENO Hbe,15.00,INACTIVA,Hormonas,""
PRUEBA,251,251,HEPATITIS B CORE Hbc,15.00,ACTIVA,Hormonas,""
PRUEBA,250,250,HEPATITIS B CORE IgM,15.00,ACTIVA,Hormonas,""
PRUEBA,248,248,HEPATITIS B HbsAg,15.00,ACTIVA,Hormonas,""
PRUEBA,247,247,HEPATITIS C,20.00,ACTIVA,Hormonas,""
GRUPO,233,233,HIERRO SERICO FIJACION CAPTACION %,20.00,ACTIVA,Pruebas Especiales,4 pruebas
PRUEBA,2095,2095,HISTAMINA EN HECES,23.00,ACTIVA,Coproanálisis,""
GRUPO,258,258,HIV 1 Y 2,8.00,INACTIVA,Sin Área,1 pruebas
PRUEBA,1328,1328,HIV 1 y 2,4.00,ACTIVA,Serología,""
PRUEBA,1996,1996,HIV 4ta GENERACION,14.00,ACTIVA,Serología,""
PRUEBA,883,883,HOMA IR,4.00,INACTIVA,Inmunología,""
PRUEBA,1419,1419,HOMA IR,4.00,INACTIVA,Hormonas,""
GRUPO,675,675,HOMA IR (Glicemia e insulina),24.00,ACTIVA,Hormonas,3 pruebas
PRUEBA,1870,1870,HOMOCISTEINA,25.00,ACTIVA,Química,""
PRUEBA,1262,1262,HORMONA ANTIMULLERIANA (ELECTROQUIMIOLUMINISCENCIA),25.00,ACTIVA,Inmunología,""
PRUEBA,1743,1743,Helicobacter Pylori Antigeno (Heces),10.00,ACTIVA,Coproanálisis,""
GRUPO,1,1,Hematología Completa,12.00,ACTIVA,Sin Área,29 pruebas
PRUEBA,211,211,Hemoglobina Glicosilada (HbA1c),20.00,ACTIVA,Hematología,""
PRUEBA,210,210,Hierro,10.00,ACTIVA,Química,""
PRUEBA,413,413,Homocisteina,25.00,INACTIVA,Hormonas,""
PRUEBA,166,166,Hormona Folículo Estimulante (FSH)eCL,20.00,ACTIVA,Hormonas,""
PRUEBA,165,165,Hormona Lutenizante (LH) eCL,20.00,ACTIVA,Hormonas,""
PRUEBA,411,411,Hormona de Crecimiento (HGH) Basal,20.00,ACTIVA,Hormonas,""
PRUEBA,412,412,Hormona de Crecimiento Postejercicio,20.00,ACTIVA,Hormonas,""
PRUEBA,876,876,IGG - IG4 PARA LECHE DE SOYA,20.00,INACTIVA,Inmunología,""
GRUPO,467,467,INDICE ROMA,38.00,ACTIVA,Sin Área,3 pruebas
PRUEBA,1366,1366,INSULINA 360 MIN,25.00,ACTIVA,Química,""
PRUEBA,1936,1936,INTERLEUKINA 6,25.00,ACTIVA,Inmunología,""
PRUEBA,954,954,INV DE TREPONEMA (QUIMIOLUMINISCENCIA) ,30.00,ACTIVA,Inmunología,""
PRUEBA,898,898,INVESTIGACION DE CLAMIDEAE,30.00,INACTIVA,Bacteriología,""
GRUPO,439,439,INVESTIGACION DE CLAMIDEAE,30.00,ACTIVA,Bacteriología,2 pruebas
PRUEBA,900,900,INVESTIGACION DE MICOPLASMA,30.00,INACTIVA,Bacteriología,""
GRUPO,440,440,INVESTIGACION DE MICOPLASMA,30.00,ACTIVA,Bacteriología,2 pruebas
GRUPO,506,506,INVESTIGACION DIRECTA DE BK (Z.N),15.00,ACTIVA,Bacteriología,2 pruebas
PRUEBA,926,926,IgA SECRETORA,15.00,ACTIVA,Inmunología,""
PRUEBA,1843,1843,IgA SECRETORA EN HECES,20.00,ACTIVA,Coproanálisis,""
PRUEBA,766,766,IgE ESPECIFICA BLOMIA TROPICALIS,20.00,INACTIVA,Inmunología,""
PRUEBA,1410,1410,IgE ESPECIFICA HIMENOPTEROS,20.00,ACTIVA,Inmunología,""
PRUEBA,1123,1123,IgE ESPECIFICA LECHE DE SOYA,20.00,ACTIVA,Inmunología,""
PRUEBA,759,759,IgE ESPECIFICA LECHE DE VACA,20.00,ACTIVA,Inmunología,""
PRUEBA,771,771,IgE ESPECIFICA MUCOR RACEMOSUS,20.00,INACTIVA,Pruebas Especiales,""
PRUEBA,760,760,IgE ESPECIFICA PASTOS MIXTOS,20.00,ACTIVA,Inmunología,""
PRUEBA,769,769,IgE ESPECIFICA ROBLE,20.00,ACTIVA,Inmunología,""
PRUEBA,1032,1032,IgE ESPECIFICO PARA CAMBUR,20.00,ACTIVA,Inmunología,""
PRUEBA,1137,1137,IgE Espec. ALFALACTOALBUMINA,20.00,ACTIVA,Inmunología,""
PRUEBA,1003,1003,IgE Espec. PLUMAS:palo/gan/po/pato,20.00,ACTIVA,Inmunología,""
PRUEBA,986,986,IgE Espec.ifica IBUPROFENO,20.00,ACTIVA,Inmunología,""
PRUEBA,1008,1008,IgE Especifca ALTERNARIA TENUIS/ALTERN,20.00,ACTIVA,Inmunología,""
PRUEBA,938,938,IgE Especifica ACAROS,20.00,ACTIVA,Inmunología,""
PRUEBA,1015,1015,IgE Especifica ALBUMINA BOVINA,20.00,ACTIVA,Inmunología,""
PRUEBA,1018,1018,"IgE Especifica AMARANTHUS, spp",20.00,ACTIVA,Inmunología,""
PRUEBA,1012,1012,IgE Especifica AMBROSIA,20.00,ACTIVA,Inmunología,""
PRUEBA,978,978,IgE Especifica ARROZ,20.00,ACTIVA,Inmunología,""
PRUEBA,1007,1007,IgE Especifica ASPERGILLUS FUMIGATUS,20.00,ACTIVA,Inmunología,""
PRUEBA,935,935,IgE Especifica AVENA,20.00,ACTIVA,Inmunología,""
PRUEBA,1001,1001,IgE Especifica BAC/LANG/SALM/MEJI/ATUN,20.00,ACTIVA,Inmunología,""
PRUEBA,966,966,IgE Especifica BETALACTOGLOBULINA,20.00,ACTIVA,Inmunología,""
PRUEBA,1096,1096,IgE Especifica CAMARON,20.00,ACTIVA,Inmunología,""
PRUEBA,1634,1634,IgE Especifica CANDIDA ALBICANS,20.00,ACTIVA,Inmunología,""
PRUEBA,999,999,IgE Especifica CANGREJO,20.00,ACTIVA,Inmunología,""
PRUEBA,983,983,IgE Especifica CARNES ROJAS,20.00,ACTIVA,Inmunología,""
PRUEBA,981,981,IgE Especifica CASEINA,20.00,ACTIVA,Inmunología,""
PRUEBA,994,994,IgE Especifica CEBADA,20.00,ACTIVA,Inmunología,""
PRUEBA,989,989,IgE Especifica CEFALOSPORINAS,20.00,ACTIVA,Inmunología,""
PRUEBA,928,928,IgE Especifica CEREALES,20.00,ACTIVA,Inmunología,""
PRUEBA,936,936,IgE Especifica CHOCOLATE,20.00,ACTIVA,Inmunología,""
PRUEBA,932,932,IgE Especifica CITRICOS,20.00,INACTIVA,Inmunología,""
PRUEBA,1257,1257,IgE Especifica CITRICOS ,20.00,ACTIVA,Inmunología,""
PRUEBA,1006,1006,IgE Especifica CLADOSPORIUN HERBARUM,20.00,ACTIVA,Inmunología,""
PRUEBA,969,969,IgE Especifica CLARA DE HUEVO,20.00,ACTIVA,Inmunología,""
PRUEBA,1004,1004,IgE Especifica CUCARACHA,20.00,ACTIVA,Inmunología,""
PRUEBA,939,939,IgE Especifica DERMATOF FARINAE,20.00,ACTIVA,Inmunología,""
PRUEBA,988,988,IgE Especifica DICLOFENAC,20.00,ACTIVA,Inmunología,""
PRUEBA,1315,1315,IgE Especifica Diptero (MOSQUITO),20.00,ACTIVA,Inmunología,""
PRUEBA,1386,1386,IgE Especifica Diptero (ZANCUDO),20.00,ACTIVA,Inmunología,""
PRUEBA,943,943,IgE Especifica EPITELIO DE GATO,20.00,ACTIVA,Inmunología,""
PRUEBA,942,942,IgE Especifica EPITELIO DE PERRO,20.00,ACTIVA,Inmunología,""
PRUEBA,997,997,IgE Especifica FRESA,20.00,ACTIVA,Inmunología,""
PRUEBA,1114,1114,IgE Especifica GLUTEN,20.00,ACTIVA,Inmunología,""
PRUEBA,941,941,IgE Especifica GRAMA,20.00,ACTIVA,Inmunología,""
PRUEBA,970,970,IgE Especifica HARINA DE TRIGO,20.00,ACTIVA,Inmunología,""
PRUEBA,971,971,IgE Especifica HONGOS(CLA/ASP/P/AL),20.00,ACTIVA,Inmunología,""
PRUEBA,929,929,IgE Especifica HUEVO,20.00,ACTIVA,Inmunología,""
PRUEBA,987,987,IgE Especifica KETOPROFENO,20.00,ACTIVA,Inmunología,""
PRUEBA,1019,1019,IgE Especifica LATEX,20.00,ACTIVA,Inmunología,""
PRUEBA,995,995,IgE Especifica LIMON,20.00,ACTIVA,Inmunología,""
PRUEBA,934,934,IgE Especifica MAIZ,20.00,ACTIVA,Inmunología,""
PRUEBA,991,991,IgE Especifica MANI,20.00,ACTIVA,Inmunología,""
PRUEBA,931,931,IgE Especifica MARISCOS,20.00,ACTIVA,Inmunología,""
PRUEBA,1013,1013,IgE Especifica MUGWORT,20.00,ACTIVA,Inmunología,""
PRUEBA,996,996,IgE Especifica NARANJA,20.00,ACTIVA,Inmunología,""
PRUEBA,982,982,IgE Especifica PAPA,20.00,ACTIVA,Inmunología,""
PRUEBA,1121,1121,IgE Especifica PARACETAMOL,20.00,ACTIVA,Inmunología,""
PRUEBA,990,990,IgE Especifica PENICILINA,20.00,ACTIVA,Inmunología,""
PRUEBA,1005,1005,IgE Especifica PENICILLIUM NOTATUM,20.00,ACTIVA,Inmunología,""
PRUEBA,930,930,IgE Especifica PESCADO,20.00,ACTIVA,Inmunología,""
PRUEBA,985,985,IgE Especifica PIROXICAM,20.00,ACTIVA,Inmunología,""
PRUEBA,998,998,IgE Especifica PIÑA,20.00,ACTIVA,Inmunología,""
PRUEBA,1014,1014,IgE Especifica PLANTAGO LANCEOLATA,20.00,ACTIVA,Inmunología,""
PRUEBA,940,940,IgE Especifica POLEN,20.00,ACTIVA,Inmunología,""
PRUEBA,1011,1011,IgE Especifica POLLEN ACACIA,20.00,ACTIVA,Inmunología,""
PRUEBA,927,927,IgE Especifica POLLO,20.00,ACTIVA,Inmunología,""
PRUEBA,937,937,IgE Especifica POLVO CASERO,20.00,ACTIVA,Inmunología,""
PRUEBA,973,973,IgE Especifica PROTEINA CARNE DE CERDO,20.00,ACTIVA,Inmunología,""
PRUEBA,1000,1000,IgE Especifica QUESO GOUDA,20.00,ACTIVA,Inmunología,""
PRUEBA,933,933,IgE Especifica TOMATE,20.00,ACTIVA,Inmunología,""
PRUEBA,1016,1016,IgE Especifica ZANAHORIA,20.00,ACTIVA,Inmunología,""
PRUEBA,831,831,IgE Especifica para Hemipteros,20.00,ACTIVA,Inmunología,""
PRUEBA,1029,1029,IgE Especifico AVELLANA,20.00,ACTIVA,Inmunología,""
PRUEBA,1017,1017,IgE Especifico CYNODON DACTYLON,20.00,ACTIVA,Inmunología,""
PRUEBA,1026,1026,IgE Especifico DERMAT.PTERONYS.,20.00,ACTIVA,Inmunología,""
PRUEBA,965,965,IgE Especifico PLUMA DE PERICO,20.00,ACTIVA,Inmunología,""
PRUEBA,974,974,IgE Especifico YEMA DE HUEVO,20.00,ACTIVA,Inmunología,""
PRUEBA,833,833,IgE especifica para NUEZ,20.00,ACTIVA,Inmunología,""
PRUEBA,2096,2096,IgG 4,23.00,ACTIVA,Inmunología,""
PRUEBA,872,872,IgG IgG 4 PARA PESCADO,20.00,INACTIVA,Inmunología,""
PRUEBA,922,922,Inmunoglobulina A,20.00,ACTIVA,Química,""
PRUEBA,923,923,Inmunoglobulina E,20.00,ACTIVA,Hormonas,""
PRUEBA,67,67,Inmunoglobulina G,20.00,ACTIVA,Química,""
PRUEBA,68,68,Inmunoglobulina M,20.00,ACTIVA,Química,""
PRUEBA,190,190,Insulina 120',25.00,ACTIVA,Hormonas,""
PRUEBA,622,622,Insulina 150',25.00,ACTIVA,Hormonas,""
PRUEBA,623,623,Insulina 180',25.00,ACTIVA,Hormonas,""
PRUEBA,192,192,Insulina 240',25.00,ACTIVA,Hormonas,""
PRUEBA,619,619,Insulina 30',25.00,ACTIVA,Hormonas,""
PRUEBA,1047,1047,Insulina 300´,25.00,ACTIVA,Hormonas,""
PRUEBA,188,188,Insulina 60',25.00,ACTIVA,Hormonas,""
PRUEBA,189,189,Insulina 90',25.00,ACTIVA,Hormonas,""
PRUEBA,186,186,Insulina Basal,25.00,ACTIVA,Hormonas,""
PRUEBA,624,624,Insulina Post Prandial,25.00,ACTIVA,Hormonas,""
PRUEBA,1994,1994,KIT DE TOMA DE MUESTRAS (BACTERIOLOGÍA).,8.00,ACTIVA,COBRO,""
PRUEBA,2097,2097,Kit de Impresion,4.00,ACTIVA,COBRO,""
PRUEBA,1993,1993,Kit de Reimpresion.,4.00,ACTIVA,COBRO,""
PRUEBA,1992,1992,Kit de Toma de Muestra.,8.00,ACTIVA,COBRO,""
PRUEBA,1594,1594,LEUCOCITOS FECALES,6.00,ACTIVA,Coproanálisis,""
PRUEBA,1935,1935,LIPOPROTEINA (a),25.00,ACTIVA,Química,""
GRUPO,511,511,LIQUIDO PERITONEAL,40.00,ACTIVA,Bacteriología,4 pruebas
GRUPO,520,520,LIQUIDO PLEURAL,40.00,ACTIVA,Bacteriología,7 pruebas
GRUPO,631,631,LYME IgG/ IgM,40.00,ACTIVA,Inmunología,3 pruebas
PRUEBA,417,417,Leucocitos Fecales,6.00,INACTIVA,Coproanálisis,""
PRUEBA,112,112,Lipasa,13.00,ACTIVA,Química,""
GRUPO,488,488,MARCADOR BIOQUIMICOS EN HECES,20.00,ACTIVA,Coproanálisis,4 pruebas
PRUEBA,1054,1054,METODO DE CONCENTRACION,10.00,ACTIVA,Pruebas Especiales,""
PRUEBA,1074,1074,MICOPLASMA PNEUMONIAE IgG (QUIMIOLUMINISCENCIA),20.00,ACTIVA,Inmunología,""
PRUEBA,1093,1093,MICOPLASMA PNEUMONIAE IgM (QUIMIOLUMINISCENCIA),20.00,ACTIVA,Inmunología,""
PRUEBA,202,202,MICROALBUMINURIA,16.00,ACTIVA,Química,""
GRUPO,645,645,MORFOLOGIA DE GLOBULOS ROJOS EN ORINA,10.00,ACTIVA,Uroanálisis,3 pruebas
PRUEBA,49,49,Magnesio,12.00,ACTIVA,Química,""
PRUEBA,151,151,Magnesio en Orina,12.00,ACTIVA,Química,""
GRUPO,87,87,Magnesio en Orina 24h,10.00,ACTIVA,Sin Área,3 pruebas
PRUEBA,126,126,Marihuana,8.00,ACTIVA,Uroanálisis,""
GRUPO,627,627,PANEL MIXTO,60.00,ACTIVA,Inmunología,45 pruebas
GRUPO,257,257,PANEL TOXICOLOGICO (Orina),20.00,INACTIVA,Sin Área,11 pruebas
GRUPO,610,610,PANEL TOXICOLOGICO II,50.00,ACTIVA,Sin Área,10 pruebas
PRUEBA,1056,1056,PARASITOS EMERGENTES,16.00,ACTIVA,Coproanálisis,""
PRUEBA,905,905,PAROTIDITIS IgG,20.00,ACTIVA,Inmunología,""
PRUEBA,906,906,PAROTIDITIS IgM,20.00,ACTIVA,Inmunología,""
PRUEBA,903,903,PARVOVIRUS IgG,20.00,ACTIVA,Inmunología,""
PRUEBA,904,904,PARVOVIRUS IgM,20.00,ACTIVA,Inmunología,""
PRUEBA,61,61,PCR Ultrasensible,15.00,ACTIVA,Química,""
PRUEBA,976,976,PEPTIDO C (QUIMIOLUMINISCENCIA),20.00,ACTIVA,Hormonas,""
PRUEBA,1024,1024,PEPTIDO CICLICO CITRULINADO (QUUIMIOLUMINISCENCIA),20.00,ACTIVA,Inmunología,""
PRUEBA,888,888,PEPTIDO NATRIURETICO (BNP),25.00,ACTIVA,Hormonas,""
GRUPO,658,658,PERFIL ANA 3,80.00,ACTIVA,Inmunología,16 pruebas
GRUPO,333,333,PERFIL AUTOINMUNE /REUMATICO II,100.00,ACTIVA,Sin Área,13 pruebas
GRUPO,316,316,PERFIL AUTOINMUNE GASTROINTESTINAL,60.00,ACTIVA,Inmunología,6 pruebas
GRUPO,679,679,PERFIL BASICO DE SENSIBILIDAD ALIMENTARIA,67.00,ACTIVA,Inmunología,46 pruebas
GRUPO,308,308,PERFIL CARDIACO,45.00,ACTIVA,Sin Área,3 pruebas
GRUPO,330,330,PERFIL CELIACO,95.00,ACTIVA,Inmunología,6 pruebas
GRUPO,325,325,PERFIL DIABETES AUTOINMUNE,40.00,ACTIVA,Sin Área,1 pruebas
GRUPO,290,290,PERFIL DIARREA,70.00,ACTIVA,Sin Área,6 pruebas
GRUPO,323,323,PERFIL DR MAZZIOTTA,60.00,ACTIVA,Sin Área,11 pruebas
GRUPO,544,544,PERFIL DR. OBREGON,170.00,ACTIVA,Sin Área,14 pruebas
GRUPO,265,265,PERFIL DRA. ARELLANO,38.00,ACTIVA,Sin Área,2 pruebas
GRUPO,315,315,PERFIL FOSFOLIPIDICO AUTOINMUNE,60.00,INACTIVA,Bacteriología,0 pruebas
GRUPO,327,327,PERFIL FOSFOLIPIDOS,60.00,ACTIVA,Sin Área,7 pruebas
GRUPO,656,656,PERFIL GASTROINTESTINAL AUTOINMUNE IgA,20.00,ACTIVA,Inmunología,4 pruebas
GRUPO,655,655,PERFIL GASTROINTESTINAL AUTOINMUNE IgG,20.00,ACTIVA,Inmunología,6 pruebas
GRUPO,266,266,PERFIL GASTROINTESTINAL METABOLICO,40.00,ACTIVA,Inmunología,13 pruebas
GRUPO,335,335,PERFIL GENERAL II,40.00,ACTIVA,Sin Área,12 pruebas
GRUPO,319,319,PERFIL GENERAL RIESGO,40.00,ACTIVA,Sin Área,17 pruebas
GRUPO,268,268,PERFIL HEMATOLOGICO II,29.00,INACTIVA,Sin Área,2 pruebas
GRUPO,659,659,PERFIL HEPATICO AUTOINMUNE 9 ag PLUS,50.00,ACTIVA,Inmunología,11 pruebas
GRUPO,324,324,PERFIL HEPATICO AUTOINMUNE I,50.00,ACTIVA,Sin Área,3 pruebas
GRUPO,17,17,PERFIL HEPATICO I,42.00,ACTIVA,Sin Área,5 pruebas
GRUPO,332,332,PERFIL HIPERTENSION,60.00,ACTIVA,Sin Área,15 pruebas
GRUPO,317,317,PERFIL INMUNOLOGICO,40.00,ACTIVA,Sin Área,6 pruebas
GRUPO,16,16,PERFIL LIPIDICO I,25.00,ACTIVA,Sin Área,6 pruebas
GRUPO,654,654,PERFIL LIPIDICO PLUS,40.00,ACTIVA,Química,5 pruebas
GRUPO,320,320,PERFIL LITIASICO,60.00,ACTIVA,Sin Área,11 pruebas
GRUPO,326,326,PERFIL LUPUS,60.00,ACTIVA,Sin Área,4 pruebas
GRUPO,297,297,PERFIL OXIDATIVO,60.00,ACTIVA,Sin Área,8 pruebas
GRUPO,707,707,PERFIL PAZ INTESTINAL,220.00,ACTIVA,Sin Área,5 pruebas
GRUPO,630,630,PERFIL PREECLAMPSIA,50.00,ACTIVA,Sin Área,8 pruebas
GRUPO,111,111,PERFIL PREOPERATORIO II,40.00,ACTIVA,Sin Área,5 pruebas
GRUPO,312,312,PERFIL PREOPERATORIO III,50.00,ACTIVA,Hematología,8 pruebas
GRUPO,334,334,PERFIL RIESGO CARDIOVASCULAR (LIPIDICO III),68.00,ACTIVA,Sin Área,11 pruebas
GRUPO,318,318,PERFIL RIESGO CORONARIO,30.00,ACTIVA,Sin Área,3 pruebas
GRUPO,331,331,PERFIL TIROIDEO II,110.00,ACTIVA,Sin Área,6 pruebas
GRUPO,499,499,PERFIL TUMORAL FEMENINO,80.00,ACTIVA,Marcadores Tumorales,7 pruebas
GRUPO,328,328,PERFIL VASCULITIS,57.00,ACTIVA,Sin Área,7 pruebas
GRUPO,632,632,PERFIL VIRAL RESPIRATORIO 2,50.00,ACTIVA,Inmunología,7 pruebas
GRUPO,688,688,PERFIL VIRAL RESPIRATORIO III,60.00,ACTIVA,Inmunología,6 pruebas
PRUEBA,980,980,PHADEBACT,10.00,ACTIVA,Pruebas Especiales,""
PRUEBA,1841,1841,PLOMO,25.00,ACTIVA,Inmunología,""
PRUEBA,826,826,PLT,8.00,ACTIVA,Hematología,""
PRUEBA,1746,1746,PROCALCITONINA,20.00,ACTIVA,Inmunología,""
GRUPO,649,649,PROTOCOLO DRA CAROLINA MENDOZA (ENDOMETRIO),60.00,ACTIVA,Sin Área,1 pruebas
GRUPO,301,301,PSA LIBRE Y TOTAL,40.00,ACTIVA,Sin Área,3 pruebas
GRUPO,11,11,PT Tiempo de Protrombina ,12.00,ACTIVA,Coagulación,6 pruebas
GRUPO,373,373,PT Y PTT CORREGIDO,30.00,ACTIVA,Sin Área,0 pruebas
GRUPO,12,12,PTT Tiempo Parcial de Tromboplastina ,12.00,ACTIVA,Coagulación,4 pruebas
GRUPO,624,624,Panel Atopico (54 alergenos),60.00,ACTIVA,Inmunología,54 pruebas
PRUEBA,420,420,Paratohormona (PTH)(eCL),20.00,ACTIVA,Hormonas,""
GRUPO,94,94,Perfil Anemia,60.00,ACTIVA,Sin Área,7 pruebas
GRUPO,14,14,Perfil General,35.00,ACTIVA,Sin Área,11 pruebas
GRUPO,102,102,Perfil Hepatico II,88.00,ACTIVA,Sin Área,8 pruebas
GRUPO,40,40,Perfil Hormonal Femenino,85.00,ACTIVA,Sin Área,6 pruebas
GRUPO,41,41,Perfil Hormonal Masculino,60.00,ACTIVA,Sin Área,6 pruebas
GRUPO,27,27,Perfil Isquemico I,40.00,ACTIVA,Sin Área,9 pruebas
GRUPO,23,23,Perfil Prenatal I,35.00,ACTIVA,Sin Área,8 pruebas
GRUPO,96,96,Perfil Prenatal II,85.00,ACTIVA,Sin Área,10 pruebas
GRUPO,15,15,Perfil Preoperatorio I,32.00,ACTIVA,Sin Área,5 pruebas
GRUPO,91,91,Perfil Renal,80.00,ACTIVA,Sin Área,10 pruebas
GRUPO,674,674,Perfil Reumatico.,65.00,ACTIVA,Sin Área,7 pruebas
GRUPO,680,680,Perfil Sanidad GAMA,7.00,ACTIVA,Sin Área,2 pruebas
GRUPO,42,42,Perfil Tiroideo,70.00,ACTIVA,Sin Área,4 pruebas
GRUPO,2,2,Perfil de Coagulación,40.00,ACTIVA,Sin Área,6 pruebas
GRUPO,543,543,Phadebact en LCR ,10.00,ACTIVA,Bacteriología,5 pruebas
GRUPO,543,543,Phadebact en LCR ,10.00,ACTIVA,Bacteriología,5 pruebas
PRUEBA,782,782,Plaquetas (Manuales),10.00,ACTIVA,Hematología,""
PRUEBA,114,114,Potasio,4.00,ACTIVA,Química,""
PRUEBA,153,153,Potasio en Orina,4.00,ACTIVA,Química,""
PRUEBA,169,169,Progesterona (eCL),25.00,ACTIVA,Hormonas,""
PRUEBA,167,167,Prolactina (eCL),25.00,ACTIVA,Hormonas,""
PRUEBA,118,118,Proteína C Reactiva PCR,15.00,ACTIVA,Química,""
GRUPO,24,24,Proteínas Totales y Fraccionadas,10.00,ACTIVA,Química,4 pruebas
PRUEBA,134,134,Proteínas en Orina,8.00,ACTIVA,Química,""
GRUPO,88,88,Proteínas en Orina 24h,10.00,ACTIVA,Sin Área,3 pruebas
GRUPO,372,372,Prueba Integrada,120.00,ACTIVA,Sin Área,1 pruebas
PRUEBA,127,127,Prueba de Embarazo en Orina,10.00,ACTIVA,Serología,""
PRUEBA,1091,1091,Prueba de Embarazo en Sangre,10.00,ACTIVA,Serología,""
PRUEBA,827,827,RECUENTO MINUTADO,8.00,INACTIVA,GRUPO SANGUINEO,""
GRUPO,459,459,RECUENTO MINUTADO,10.00,ACTIVA,Uroanálisis,3 pruebas
PRUEBA,829,829,RECUENTRO DE EOSINOFILOS,8.00,ACTIVA,Hematología,""
PRUEBA,1718,1718,REIMPRESIÓN DE FACTURA,4.00,ACTIVA,Hematología,""
GRUPO,254,254,RELACION CALCIO CREATININA EN 24H,8.00,ACTIVA,Sin Área,3 pruebas
PRUEBA,835,835,RETRACCION DE COAGULO,4.00,ACTIVA,Coagulación,""
GRUPO,106,106,Relacion A. Urico Creatinina,8.00,ACTIVA,Sin Área,3 pruebas
GRUPO,105,105,Relacion Calcio Creatinina,8.00,ACTIVA,Sin Área,3 pruebas
PRUEBA,161,161,Reticulocitos,8.00,ACTIVA,Hematología,""
PRUEBA,426,426,Rotavirus,15.00,ACTIVA,Coproanálisis,""
PRUEBA,246,246,Rubeola IgG (QUIMIOLUMINISCENCIA),20.00,ACTIVA,Inmunología,""
PRUEBA,245,245,Rubeola IgM (QUIMIOLUMINISCENCIA),20.00,ACTIVA,Inmunología,""
PRUEBA,97,97,SANGRE OCULTA EN HECES,8.00,ACTIVA,Coproanálisis,""
GRUPO,687,687,SARS COV 2 IgG-IgM,40.00,ACTIVA,Pruebas Especiales,2 pruebas
GRUPO,605,605,SARS COV 2 RT PCR,30.00,ACTIVA,Inmunología,2 pruebas
GRUPO,686,686,SCREENING 2do TRIMESTRE PRISCA,60.00,ACTIVA,Sin Área,11 pruebas
GRUPO,684,684,SCREENING PRE NATAL 1er TRIMESTRE.,60.00,ACTIVA,Sin Área,1 pruebas
GRUPO,685,685,SCREENING PRENATAL 2DO TRIMESTRE.,60.00,ACTIVA,Sin Área,1 pruebas
GRUPO,513,513,SECRECION BRONQUIAL COMPLETA,50.00,ACTIVA,Bacteriología,5 pruebas
GRUPO,512,512,SECRECION DE OIDO,27.00,ACTIVA,Bacteriología,4 pruebas
PRUEBA,828,828,SERIE ROJA,10.00,INACTIVA,Hematología,""
PRUEBA,1934,1934,SOMATOMEDINA (E),20.00,ACTIVA,Hormonas,""
PRUEBA,428,428,Sarampión IgG,20.00,ACTIVA,Inmunología,""
PRUEBA,429,429,Sarampión IgM,20.00,ACTIVA,Inmunología,""
GRUPO,37,37,Serología para Hongos,20.00,ACTIVA,Sin Área,4 pruebas
PRUEBA,113,113,Sodio,4.00,ACTIVA,Química,""
PRUEBA,152,152,Sodio en Orina,4.00,ACTIVA,Química,""
PRUEBA,176,176,T3 Libre ( eCL),20.00,ACTIVA,Hormonas,""
PRUEBA,178,178,T3 Total (eCL),20.00,ACTIVA,Hormonas,""
PRUEBA,177,177,T4 Libre (eCL),20.00,ACTIVA,Hormonas,""
PRUEBA,179,179,T4 Total (eCL),20.00,ACTIVA,Hormonas,""
PRUEBA,1837,1837,TB-FERON IGRA (IFN-gamma),50.00,ACTIVA,Inmunología,""
PRUEBA,1122,1122,TEST DE TZANCK,10.00,ACTIVA,Pruebas Especiales,""
PRUEBA,834,834,TIEMPO DE COAGULACION,4.00,ACTIVA,Coagulación,""
PRUEBA,832,832,TIEMPO DE SANGRIA,4.00,ACTIVA,Coagulación,""
GRUPO,525,525,TINTA CHINA,15.00,ACTIVA,Bacteriología,1 pruebas
PRUEBA,918,918,TITULOS DE ANTIESTREPTOLISINA,10.00,ACTIVA,Química,""
PRUEBA,867,867,TOMA DE GLICOLAB,6.00,ACTIVA,Química,""
PRUEBA,1046,1046,TOXOPLASMA IgG (AVIDEZ),25.00,ACTIVA,Inmunología,""
PRUEBA,1126,1126,TSH III Ultrasensible electroquimioluminiscencia,25.00,ACTIVA,Hormonas,""
PRUEBA,173,173,Testosterona Libre,20.00,ACTIVA,Pruebas Especiales,""
PRUEBA,172,172,Testosterona Total (eCL),20.00,ACTIVA,Hormonas,""
PRUEBA,1264,1264,Tiempo de Trombina,4.00,ACTIVA,Coagulación,""
PRUEBA,432,432,Tinta china,5.00,INACTIVA,Bacteriología,""
PRUEBA,433,433,Tiroglobulina (Tgb),20.00,ACTIVA,Hormonas,""
PRUEBA,1694,1694,Toxoplasma Gondii IgG,20.00,INACTIVA,INMUNOFLUORESCENCIA,""
PRUEBA,244,244,Toxoplasma Gondii IgG (QUIMIOLUMINISCENCIA),20.00,ACTIVA,Inmunología,""
PRUEBA,1716,1716,Toxoplasma Gondii IgM,20.00,INACTIVA,INMUNOFLUORESCENCIA,""
PRUEBA,243,243,Toxoplasma Gondii IgM (QUIMIOLUMINISCENCIA),20.00,ACTIVA,Inmunología,""
PRUEBA,50,50,Transaminasa Oxalacética (TGO/AST),6.00,ACTIVA,Química,""
PRUEBA,51,51,Transaminasa Pirúvica (TGP/ALT),6.00,ACTIVA,Química,""
PRUEBA,58,58,Transferrina,6.00,ACTIVA,Química,""
PRUEBA,1707,1707,Treponema pallidum IgM,8.00,ACTIVA,INMUNOFLUORESCENCIA,""
PRUEBA,35,35,Triglicéridos,6.00,ACTIVA,Química,""
PRUEBA,870,870,Triglicéridos Post Prandial,6.00,ACTIVA,Química,""
PRUEBA,160,160,Troponina (eCL),25.00,ACTIVA,Hormonas,""
PRUEBA,1748,1748,ULTRA HIV ANTIGENO AB 4TA GENERACION,12.00,ACTIVA,Inmunología,""
GRUPO,253,253,UREA ORINA DE 24H,8.00,ACTIVA,Sin Área,3 pruebas
PRUEBA,857,857,UREA POST DIALISIS,6.00,ACTIVA,Uroanálisis,""
GRUPO,103,103,UROCULTIVO,27.00,ACTIVA,Bacteriología,3 pruebas
GRUPO,668,668,UROCULTIVO CON CONCENTRACION MINIMA INHIBITORIA (CMI),40.00,ACTIVA,Bacteriología,3 pruebas
PRUEBA,750,750,Urea,6.00,ACTIVA,Química,""
PRUEBA,902,902,VARICELA ZOSTER IgG,20.00,ACTIVA,Inmunología,""
PRUEBA,901,901,VARICELA ZOSTER IgM,20.00,ACTIVA,Inmunología,""
PRUEBA,72,72,VDRL,6.00,ACTIVA,Serología,""
PRUEBA,2094,2094,VITAMINA C,25.00,ACTIVA,Inmunología,""
PRUEBA,69,69,VSG ,8.00,ACTIVA,VSG,""
GRUPO,207,207,Virus Epstein Barr IgM e IgG,38.00,ACTIVA,Inmunología,3 pruebas
PRUEBA,240,240,Virus Herpes Simplex 1 IgG (QUIMIOLUMINISCENCIA),20.00,ACTIVA,Inmunología,""
PRUEBA,239,239,Virus Herpes Simplex 1 IgM (QUIMIOLUMINISCENCIA),20.00,ACTIVA,Inmunología,""
PRUEBA,242,242,Virus Herpes Simplex 2 IgG (QUIMIOLUMINISCENCIA),20.00,ACTIVA,Inmunología,""
PRUEBA,241,241,Virus Herpes Simplex 2 IgM (QUIMIOLUMINISCENCIA),20.00,ACTIVA,Inmunología,""
PRUEBA,207,207,Vitamina B12,20.00,ACTIVA,Hormonas,""
PRUEBA,1856,1856,ZINC,20.00,ACTIVA,Química,""
PRUEBA,1779,1779,ZONULINA,30.00,ACTIVA,Inmunología,""
PRUEBA,201,201,Ácido Vanilmandélico,20.00,INACTIVA,Pruebas Especiales,""
PRUEBA,148,148,Ácido Úrico en Orina,6.00,ACTIVA,Química,""
